<?xml version="1.0" encoding="UTF-8"?>
<ivy-module version="2.0">
  <info organisation="book.gradle" module="sample" revision="2.1.RELEASE" status="integration" publication="20150424051601"/>
  <configurations>
    <conf name="default" visibility="public" extends="runtime"/>
    <conf name="runtime" visibility="public"/>
  </configurations>
  <publications>
    <artifact name="sample" type="jar" ext="jar" conf="runtime"/>
  </publications>
  <dependencies>
    <dependency org="org.springframework" name="spring-context" rev="4.1.4.RELEASE" conf="runtime-&gt;default"/>
  </dependencies>
</ivy-module>
